SiteID1,SiteID2,SiteName,SiteLat,SiteLon,SiteLonAdj
CO00COKY01A,Ocean2kHR_001,Malindi Marine Park,-3.2556,40.1433,40.1433
CO00DRBE01A,Ocean2kHR_124,"Northeast Breakers, Bermuda",32.3,295.3,-64.69999999999999
CO00FERA01A,Ocean2kHR_019,"Ras Umm Sidd, Red Sea",27.85,34.32,34.32
CO00KUNI01A,CO00KUNI01Ab,"Ningaloo Reef, West Australia",-21.905,113.965,113.965
CO00URMA01,Ocean2kHR_177,"Maiana Atoll, Republic of Kiribati",0.9329999999999999,173.0,173.0
CO01TUNG01A,Ocean2kHR_140,"Deplik Tabat Reef, Madang Lagoon",-5.2170000000000005,145.817,145.817
CO01TUNG02A,Ocean2kHR_141,"Deplik Tabat Reef, Madang Lagoon",-5.2170000000000005,145.817,145.817
CO02KUBE01A,Ocean2kHR_102,"North East Breakers, Bermuda",32.47,295.3,-64.69999999999999
CO03CHBA01A,Ocean2kHR_006,"Lombok Strait, Bali, Indonesia",-8.2573,115.5757,115.5757
CO03CHBU01A,Ocean2kHR_171,Bunaken Island,-1.5,124.833,124.833
CO03COPM00A,Ocean2kHR_139,Palmyra (composite),5.87,197.87,-162.13
CO04BAFI00A,CO04BAFI00A,"Savusavu Bay, Fiji",-16.8167,179.2333,179.2333
CO04KIVA01A,Ocean2kHR_174,"Malo Channel, Espiritu Santo Island, Vanuatu",-15.7,167.2,167.2
CO04LIFI01A,Ocean2kHR_157,Savusavu Bay,-16.8167,179.2333,179.2333
CO04LIRA01A,CO04LIRA01A,"Rarotonga, Cook Islands, South Pacific",-21.2378,200.1722,-159.8278
CO04MGNG01A,CO04MGNG01A,Papua New Guinea,-3.6206,143.6819,143.6819
CO04PFCH02A,CO04PFCH02A,Peros Banhos Atoll,-5.43,71.77,71.77
CO04PFRE01A,Ocean2kHR_013,"La Reunion, Southwestern Indian Ocean",-21.0333,55.25,55.25
CO04ZIMG01A,Ocean2kHR_020,"Ifaty Reef, SW Madagascar",-23.15,43.58,43.58
CO05ASGU01A,Ocean2kHR_166,Guam Coral,13.597999999999999,144.836,144.836
CO05BAFI00A,Ocean2kHR_142,"Savusavu Bay, Fiji",-16.8167,179.2333,179.2333
CO05KUBE01A,Ocean2kHR_105,"North East Breakers, Bermuda",32.467,295.3,-64.69999999999999
CO06DATZ01A,Ocean2kHR_007,"Mafia Archipelago, Tanzania",-8.0167,39.5,39.5
CO06LIFI01A,Ocean2kHR_156,"Savusavu Bay, Fiji",-16.8167,179.2333,179.2333
CO06MOPE01A,Ocean2kHR_107,"Pedra de Lume, Cape Verde Islands",16.75,337.1117,-22.888300000000015
CO06MOTO02A,Ocean2kHR_110,"Buccoo Reef, Tobago",11.17,299.15,-60.85000000000002
CO06QUNG01A,Ocean2kHR_144,Rabaul,-4.1916,151.9772,151.9772
CO07CAFR01A,Ocean2kHR_193,Coral Sea,-17.73,148.43,148.43
CO08ABSU01A,Ocean2kHR_010,"Mantawai Islands, West Sumatra, Indonesia",-0.13,98.52,98.52
CO08GOBE01A,Ocean2kHR_094,Bermuda south shore,30.6486,295.0112000000001,-64.98879999999991
CO08HEVE01A,Ocean2kHR_096,"Cayo Sal, Los Roques Archipelago, Venezuela",11.77,293.25,-66.75
CO08KIPR01A,CO08KIPR01A,"Turrumote Reef, La Parguera, Puerto Rico",17.933,292.999,-67.00099999999998
CO09NAKY02A,Ocean2kHR_012,Malindi,-3.2,40.1,40.1
CO09NUTB01B,CO09NUTB01B,Fanning Island,3.9062,200.7141,-159.2859
CO10HEIG01A,Ocean2kHR_097,Guadeloupe,16.2,298.51,-61.49000000000001
CO11NUPM01,Ocean2kHR_160,Palmyra,5.87,197.87,-162.13
CO12GOVA01A,Ocean2kHR_154,Vanuatu,-15.94,166.04,166.04
CO13CABL01A,CO13CABL01A,Belize,16.1292,271.7503,-88.24970000000002
CO13CAHN01A,CO13CAHN01A,"Diamond Caye, Utila, Honduras",16.0644,273.0492,-86.95080000000002
CO13CAHN02A,CO13CAHN02A,"Diamond Caye, Utila, Honduras",16.0644,273.0492,-86.95080000000002
CO13COTB00A,CO13COTB00A,Fanning Island (composite),3.9062,200.7141,-159.2859
CO13COXM03A,CO13COXM03A,"Kiritimati Island, Line Islands, Kiribati",1.52,202.76,-157.24
CO13DESC01A,WEB396032ca,Hainan Island,19.287,110.656,110.656
CO13HENG01A,CO13HENG01A,"Misima Island, Papua New Guinea",-10.6907,152.8115,152.8115
CO13HENG02A,CO13HENG02A,"Misima Island, Papua New Guinea",-10.6907,152.8115,152.8115
CO13HENG03A,CO13HENG03A,"Misima Island, Papua New Guinea",-10.6907,152.8115,152.8115
CO14CABT01A,CO14CABT01A,"Butaritari Atoll, Gilbert Islands",3.0731,172.7469,172.7469
CO14CATI01A,CO14CATI01A,"Ombai Strait, Timor Island",-10.2,123.5167,123.5167
CO14OSPA01A,Ocean2kHR_181,Palau,7.2859,134.2503,134.2503
CO14OSPA02A,Ocean2kHR_183,Palau,7.2859,134.2503,134.2503
CO14WUCL01A,CO14WUCL01A,Clipperton Atoll,10.3,250.78,-109.22
CO14ZIHO01A,Ocean2kHR_026,Houtman Abrolhos,-28.4589,113.749,113.749
CO14ZIMG02A,Ocean2kHR_021,"Tulear Reef, SW Madagascar",-23.3572,43.6195,43.6195
CO17XISC01A,Ocean2kHR_022,"Tulear Reef, SW Madagascar",-23.3572,43.6195,43.6195
CO15ABSP01A,CO15ABSP01A,Taitaitanopo Island,-3.1833,100.5167,100.5167
CO17DESC01A,WEB832ffc0e,Hainan Island,19.308,110.667,110.667
CO17DESC02A,WEB832ffc0e2,Hainan Island,19.301,110.662,110.662
CO17DESC03A,WEB832ffc0e22,Hainan Island,19.287,110.656,110.656
CO17DESC04A,WEB832ffc0e222,Hainan Island,19.3198,110.69200000000001,110.69200000000001
CO17LITW01A,WEB27c0dc78,Nanwan Bay,21.9564,120.762,120.762
CO17MUMA02A,WEB1a9fc096,Doangdoangan Besar,-5.382000000000001,117.914,117.914
CO17RAPA01A,WEB0e874eb3,Palaui Island,18.54,122.15,122.15
CO17RAPA02A,WEB9aced55a,Palaui Island,18.54,122.15,122.15
CO17WUBO1A,WEB44d2f1ea,Northwestern shore,12.222000000000001,291.6002,-68.39980000000003
CO17WUBO1B,WEB44d2f1ea2,Northwestern shore,12.222000000000001,291.6002,-68.39980000000003
CO17WUBO1C,WEB44d2f1ea22,Northwestern shore,12.222000000000001,291.6002,-68.39980000000003
CO17WUBO1D,WEB44d2f1ea222,Northwestern shore,12.222000000000001,291.6002,-68.39980000000003
CO17WUBO1E,WEB44d2f1ea2222,Northwestern shore,12.222000000000001,291.6002,-68.39980000000003
CO17WUBO1F,WEB44d2f1ea22222,Northwestern shore,12.222000000000001,291.6002,-68.39980000000003
CO17WUBO1G,WEB44d2f1ea222222,Northwestern shore,12.222000000000001,291.6002,-68.39980000000003
CO17XISC01A,WEB396032ca2,Hainan Island,19.395,110.7531,110.7531
CO18DATO01A,WEBd316bfdc,Fonoifua Island,-20.2792,185.3577,-174.6423
CO18HECO01A,WEB04cd805a,Direction Island,-12.087,96.875,96.875
CO18HECO01B,WEB04cd805a2,Direction Island,-12.087,96.875,96.875
CO18RELC01A,WEBfe31d859,Little Cayman,19.7,279.94,-80.06
CO92SHPU01A,CO92SHPU01A,"Punta pitt, Isla San Cristobal, Galapagos island, Ecuador",-0.6667,270.8333,-89.16669999999999
CO93COTW01A,Ocean2kHR_178,"Tarawa Atoll, Republic of Kiribati",1.4167,173.0333,173.0333
CO94DUUR01A,Ocean2kHR_173,"Urvina Bay, Galapagos Islands",-0.4084,268.76599999999996,-91.23400000000004
CO94HEAQ02A,CO94HEAQ02A,"Aqaba, Jordan",29.4333,34.9667,34.9667
CO94LISE01A,Ocean2kHR_138,"Secas Island, Gulf of Chiriqui, Panama",7.98,277.95,-82.05000000000001
CO95TUNG01A,Ocean2kHR_172,"Madang, Papua New Guinea",-5.22,145.82,145.82
CO96QUVA01A,Ocean2kHR_133,"Tangoa Island, Vanuatu",-15.0,167.0,167.0
CO96SWBB01A,CO96SWBB01A,"Alinas Reef, Biscayne National Park, Florida",25.3903,279.8285,-80.17149999999998
CO96SWFB01A,CO96SWFB01A,"Lignumvitae Basin, Florida Bay",24.9167,279.25,-80.75
CO97CHSY01A,Ocean2kHR_011,"Beau Vallon Bay, Mahe Island, Republic of the Seychelles",-4.6062,55.4244,55.4244
CO98BOFP01A,Ocean2kHR_132,"Moorea, French Polynesia",-17.5,210.1667,-149.8333
CO98CHPI01A,CO98CHPI01A,Pirotan Island,22.6,70.0,70.0
CO98EVXM01A,Ocean2kHR_135,Kiritimati,1.6792,202.7527,-157.2473
CO98QUNC01A,CO98QUNC01A,"Amedee Island, New Caledonia",-22.48,166.45,166.45
CO98SWPR01A,CO98SWPR01A,"Principe, Gulf of Guinea",1.6667,7.5833,7.5833
CO99DRGB01A,CO99DRGB01A,"Abraham Reef, Great Barrier Reef, Australia",-22.1,153.0,153.0
CO99GUMI01B,CO99GUMI01B,Nauru,-0.5329999999999999,166.9283,166.9283
CO99KUHO01A,CO99KUHO01Ab,Houtman Abrolhos Islands,-28.4617,113.7683,113.7683
CO99LICL03A,CO99LICL03A,Clipperton Atoll,10.2773,250.7869,-109.2131
CO99SWFB01A,CO99SWFB01A,"Lignumvitae Basin, Florida Bay",24.9167,279.25,-80.75
GI19POYU01A,WEB73fbe78c,"DHP174 site, Yukon, NW Canada",65.21,221.68,-138.32
GI19POYU01B,WEBf7bafce3,"DHP174 site, Yukon, NW Canada",65.21,221.68,-138.32
IC00COPR01A,IC00COPR01A,Plateau Remote,-84.0,43.0,43.0
IC00EIGG01A,IC00EIGG01A,Grenzgletscher,45.9244,7.8675,7.8675
IC00OE0202A,IC00OE0202A,DML Plateau (DML02) SS9813,-74.97,3.92,3.92
IC00OE0302A,IC00OE0302A,DML Plateau (DML03) FB9809,-74.5,1.96,1.96
IC00OE0503A,IC00OE0503A,DML Plateau (DML05) FB9807,-75.0,0.04,0.04
IC00OE1101A,IC00OE1101A,DML Plateau (DML11) FB9803,-74.85,351.5,-8.5
IC00OE1201A,IC00OE1201A,DML Plateau (DML12) FB9817,-75.0,353.5,-6.5
IC00OE1301A,IC00OE1301A,DML Plateau (DML13) FB9816,-75.0,355.49,-4.509999999999991
IC00OE1401A,IC00OE1401A,DML Plateau (DML14) FB9815,-74.96,358.5,-1.5
IC00OE1501A,IC00OE1501A,DML Plateau (DML15) FB9814,-75.08,2.5,2.5
IC00OE1601A,IC00OE1601A,DML Plateau (DML16) FB9813,-75.17,5.0,5.0
IC00OE1801A,IC00OE1801A,DML Plateau (DML18) FB9804,-75.25,354.0,-6.0
IC00OE1901A,IC00OE1901A,DML Plateau (DML19) FB9805,-75.17,359.0,-1.0
IC00OE2001A,IC00OE2001A,DML Plateau (DML20) FB9808,-74.75,1.0,1.0
IC00OE2101A,IC00OE2101A,DML Plateau (DML21) FB9810,-74.67,4.0,4.0
IC00OE2201A,IC00OE2201A,DML Plateau (DML22) FB9811,-75.08,6.5,6.5
IC00OE2301A,IC00OE2301A,DML Plateau (DML23) FB9812,-75.25,6.5,6.5
IC00OEKC01A,IC00OEKC01A,DML Plateau (Kottas Camp) FB9802,-74.21,350.25,-9.75
IC00SC1601A,IC00SC1601A,B16,73.9402,322.3701,-37.62990000000002
IC00SC1801A,IC00SC1801A,B18,76.617,323.5967,-36.4033
IC00SC2101A,IC00SC2101A,B21,80.0,318.8626,-41.137400000000014
IC00SC2601A,IC00SC2601A,B26,77.2533,310.7833,-49.2167
IC00SC2901A,IC00SC2901A,B29,76.0039,316.508,-43.49200000000002
IC00STHN01A,IC00STHN01A,Hercules NA©vA©,-73.1,165.4,165.4
IC00STTY01A,IC00STTY01A,Taylor Dome,-77.78,158.72,158.72
IC00THDS03B,IC00THDS03B,Dasuopu,28.38,85.72,85.72
IC00THDS03A,IC00THDS03A,Dasuopu,28.38,85.72,85.72
IC01JO0101A,IC01JO0101A,EDC Dome C,-75.1,123.39,123.39
IC02GR0501A,IC02GR0501A,B32Site DML05,-75.0,0.01,0.01
IC02GR0701A,IC02GR0701A,B31Site DML07,-75.58,356.57,-3.430000000000007
IC02GR1701A,IC02GR1701A,B33Site DML17,-75.17,6.5,6.5
IC02HEWD01A,IC02HEWD01A,Windy Dome,81.0,64.0,64.0
IC02MUBI01A,IC02MUBI01A,Berkner Island (South) B25,-79.57,314.28,-45.72000000000003
IC02SCGN01A,IC02SCGN01A,DML Georg-von-Neumayer Station B04,-70.62,351.63,-8.370000000000005
IC02STTA02A,IC02STTA02A,TD96 Talos Dome,-72.8,159.06,159.06
IC02THKI05A,IC02THKI05A,Kilimanjaro SIF2,-3.08,37.35,37.35
IC02THKI02A,IC02THKI02A,Kilimanjaro SIF2,-3.08,37.35,37.35
IC02THKI03A,IC02THKI03A,Kilimanjaro SIF2,-3.08,37.35,37.35
IC02THKI04A,IC02THKI04A,Kilimanjaro SIF2,-3.08,37.35,37.35
IC03HOIL01A,IC03HOIL01A,Illimani,-16.62,292.23,-67.76999999999998
IC03HORB01A,IC03HORB01A,East Rongbuk Glacier,27.98,86.92,86.92
IC04FIML01A,IC04FIML01A,Mt Logan (PRCol),60.59,219.5,-140.5
IC05ISAU01A,IC05ISAU01A,Austfonna,79.83,24.0,24.0
IC06KAS101A,IC06KAS101A,DML Fimbulisen S100,-70.24,4.8,4.8
IC06THDD01A,IC06THDD01A,Dunde Ice Cap,38.1,96.4,96.4
IC06VID301A,IC06VID301A,DYE-3,65.18,316.17,-43.829999999999984
IC06VIGR01A,IC06VIGR01A,GRIP Full,72.3,322.6,-37.39999999999998
IC06VING01A,IC06VING01A,NGRIP,75.1,317.68,-42.31999999999999
IC06WAML01A,IC06WAML01A,Malan Glacier,35.81,90.76,90.76
IC07KADF01A,IC07KADF01A,Dome F 1993,-77.32,39.7,39.7
IC07KARB01A,IC07KARB01A,East Rongbuk Glacier,28.03,86.96,86.96
IC08DILO01A,IC08DILO01A,Lomonosovfonna,78.86,17.42,17.42
IC08HODF02A,IC08HODF02A,Dome F 2001,-77.32,39.7,39.7
IC08THGZ01A,IC08THGZ01A,Gomez,-73.59,289.64,-70.36000000000001
IC08VI7901A,IC08VI7901A,Agassiz A79,80.7,286.9,-73.10000000000002
IC08VI8401A,IC08VI8401A,Agassiz A84,80.7,286.9,-73.10000000000002
IC08VI8701A,IC08VI8701A,Agassiz A87,80.7,286.9,-73.10000000000002
IC08VIRE01A,IC08VIRE01A,Renland,71.27,333.27,-26.730000000000018
IC08VISV01A,IC08VISV01A,San Valentin,-46.58,286.68,-73.32
IC09EIBE01A,IC09EIBE01A,Belukha glacier,49.8067,86.56,86.56
IC09KA7901A,IC09KA7901A,Agassiz A79,80.7,286.9,-73.10000000000002
IC09KANG01A,IC09KANG01A,NGRIP,75.1,317.68,-42.31999999999999
IC09OPAN01A,IC09OPAN01A,Akademii Nauk,80.52,94.82,94.82
IC09OPAN01B,IC09OPAN01B,Akademii Nauk,80.52,94.82,94.82
IC09VIA800A,IC09VIA800A,Agassiz A84-A87,80.7,286.9,-73.10000000000002
IC09VICC01A,IC09VICC01A,Camp Century,77.17,298.87,-61.129999999999995
IC09VIRE01A,IC09VIRE01A,Renland,71.27,333.27,-26.730000000000018
IC10NAB501A,IC10NAB501A,IND 25B5 Coastal DML,-71.34,11.59,11.59
IC10VICR01A,IC10VICR01A,Crete,71.12,322.68,-37.31999999999999
IC10VID302A,IC10VID302A,DYE3,65.18,316.17,-43.829999999999984
IC10VIGI01B,IC10VIGI01B,GISP2 Summer,72.6,321.5,-38.5
IC10VIGR01A,IC10VIGR01A,GRIP,72.58,322.36,-37.639999999999986
IC10VIMI01B,IC10VIMI01B,Milcent,70.3,315.42,-44.579999999999984
IC10VIRE01B,IC10VIRE01B,Renland,71.27,333.27,-26.730000000000018
IC10VISA01B,IC10VISA01B,Site A,70.63,324.18,-35.81999999999999
IC10VISD01B,IC10VISD01B,Site D,70.64,320.38,-39.620000000000005
IC10VISE01B,IC10VISE01B,Site G,71.76,324.15,-35.85000000000002
IC10VISG01B,IC10VISG01B,Site E,71.15,324.16,-35.839999999999975
IC11BEVL01A,IC11BEVL01A,VLG,-77.33,162.53,162.53
IC11DILO01A,IC11DILO01A,Lomonosovfonna,78.86,17.42,17.42
IC11KIPW01A,IC11KIPW01A,Prince-of-Wales,78.4,279.6,-80.39999999999998
IC11LAB401A,IC11LAB401A,IND 22B4 Coastal DML,-70.86,11.54,11.54
IC11LIMI01A,IC11LIMI01A,Miaoergou,43.05,94.32,94.32
IC11STTA01A,IC11STTA01A,TALDICE -Talos Dome,-72.82,159.18,159.18
IC12MUJR01A,IC12MUJR01A,James Ross Island,-64.2,302.31,-57.69
IC12RHME01A,IC12RHME01A,Mt Erebus Saddle - MES,-77.52,167.68,167.68
IC12SIWG01A,IC12SIWG01A,Whitehall Glacier WGH,-72.9,169.08,169.08
IC12WACD01A,IC12WACD01A,Col du Dome,45.8411,6.8478,6.8478
IC13BOCG04A,IC13BOCG04A,Colle Gnifetti KCI,45.9297,7.877000000000001,7.877000000000001
IC13BOCG02A,IC13BOCG02A,Colle Gnifetti KCI,45.9297,7.877000000000001,7.877000000000001
IC13BOCG03A,IC13BOCG03A,Colle Gnifetti KCI,45.9297,7.877000000000001,7.877000000000001
IC13OPAN01A,IC13OPAN01A,Akademii Nauk,80.52,94.82,94.82
IC13PALD01A,IC13PALD01A,DSS Law Dome,-66.77,112.81,112.81
IC13ST0101A,IC13ST0101A,US-ITASE-2000-1,-79.38,248.76,-111.24000000000001
IC13ST0301A,IC13ST0301A,US-ITASE-2000-3,-78.43,248.08,-111.91999999999999
IC13ST0401A,IC13ST0401A,US-ITASE-2000-4,-78.08,239.92,-120.08000000000001
IC13ST0501A,IC13ST0501A,US-ITASE-2000-5,-77.68,236.0,-124.0
IC13ST0601A,IC13ST0601A,US-ITASE-2000-6,-78.33,235.52,-124.47999999999999
IC13ST1201A,IC13ST1201A,US-ITASE-2001-2,-82.0,249.99,-110.00999999999999
IC13ST1301A,IC13ST1301A,US-ITASE-2001-3,-78.12,264.35,-95.64999999999998
IC13ST1501A,IC13ST1501A,US-ITASE-2001-5,-77.06,270.86,-89.13999999999999
IC13ST2101A,IC13ST2101A,US-ITASE-2002-1,-82.0,249.99,-110.00999999999999
IC13ST2201A,IC13ST2201A,US-ITASE-2002-2,-83.5,255.01,-104.99000000000001
IC13ST2401A,IC13ST2401A,US-ITASE-2002-4,-86.5,252.01,-107.99000000000001
IC13ST9101A,IC13ST9101A,US-ITASE-1999-1,-80.62,237.37,-122.63
IC13STN701A,IC13STN701A,NUS 07-1,-73.72,7.94,7.94
IC13STN801A,IC13STN801A,NUS 08-7,-74.88,1.6,1.6
IC13STSP01A,IC13STSP01A,SPRESSO (South Pole),-89.93,144.39,144.39
IC13THFE01A,IC13THFE01A,Ferrigno,-74.57,273.1,-86.89999999999998
IC13THQU01A,SAm_035,Quelccaya Ice Cap,-13.9333,289.1667,-70.83330000000001
IC14EKVK00A,IC14EKVK00A,Vostok composite VRS13 ( a stack of 15 individual isotopic records from snow pits and shallow cores recovered in the vicinity of Vostok Station),-78.47,106.83,106.83
IC14MAFH01A,IC14MAFH01A,Fiescherhorn,46.55,8.07,8.07
IC14VL1K01A,IC14VL1K01A,105th km,-67.43,93.38,93.38
IC15GANK01A,IC15GANK01A,Noijin Kangsang Glacier,29.04,90.2,90.2
IC15MANE00A,IC15MANE00A,NEEM,77.45,308.94,-51.06
IC15MANE01B,IC15MANE01B,NEEM,77.45,308.94,-51.06
IC16GOBP01A,IC16GOBP01A,Bruce Plateau,-66.04,295.92,-64.07999999999998
IC16WE1701A,IC16WE1701A,B17,75.2504,322.3752,-37.62479999999999
IC16WE1901A,IC16WE1901A,B19,78.0006,323.6022,-36.39780000000002
IC16WE2001A,IC16WE2001A,B20,78.8333,323.5,-36.5
IC16WE2201A,IC16WE2201A,B22,79.3414,314.0884,-45.91160000000002
IC16WE2301A,IC16WE2301A,B23,78.0,316.0,-44.0
IC16WE2701A,IC16WE2701A,B27,76.6594,313.5163,-46.4837
IC16WE2801A,IC16WE2801A,B28,76.6594,313.5163,-46.4837
IC16WE3001A,IC16WE3001A,B30,75.0016,317.9996,-42.00040000000001
IC16WENG00A,IC16WENG00A,NG-stack,76.0,314.0,-46.0
IC17BERI01A,IC17BERI01A,RICE (Rosevelt Island),-79.36,198.3,-161.7
IC17EK4K01A,IC17EK4K01A,400th km,-69.95,95.62,95.62
IC17EKN101A,IC17EKN101A,NVFL-1,-77.11,95.07,95.07
IC17EKN301A,IC17EKN301A,NVFL-3,-76.41,102.17,102.17
IC17EKPV01A,IC17EKPV01A,PV-10,-72.81,79.93,79.93
IC17KOEL00B,IC17KOEL00B,Elbrus,43.3483,42.4267,42.4267
IC17KOEL00D,IC17KOEL00D,Elbrus,43.3483,42.4267,42.4267
IC76FIDE01A,IC76FIDE01A,Devon Ice Cap,75.33,277.5,-82.5
IC76FIDE02A,IC76FIDE02A,Devon Ice Cap,75.33,277.5,-82.5
IC82STVE01A,IC82STVE01A,Vernagtferner VF79_core1,46.8842,10.8256,10.8256
IC82STVE01B,IC82STVE01B,Vernagtferner VF79_core1,46.8842,10.8256,10.8256
IC82STVE01C,IC82STVE01C,Vernagtferner VF79_core1,46.8842,10.8256,10.8256
IC85LAD201A,IC85LAD201A,DYE2,66.38,313.82,-46.18000000000001
IC92HOML01A,IC92HOML01A,Mt Logan (NWCol),60.58,219.42,-140.58
IC93BAGI01A,IC93BAGI01A,GISP2-B,72.59,321.54,-38.45999999999998
IC94THDP01A,IC94THDP01A,Dyer Plateau,-70.68,295.13,-64.87
IC95FI8701A,IC95FI8701A,Agassiz A87,80.7,286.9,-73.10000000000002
IC95THHU02B,IC95THHU02B,Nevado HuascarA¡n Core 2,-9.0,282.5,-77.5
IC95THHU02A,IC95THHU02A,Nevado HuascarA¡n Core 2,-9.0,282.5,-77.5
IC95THHU01B,IC95THHU01B,Nevado HuascarA¡n Core 2,-9.0,282.5,-77.5
IC95THHU02C,IC95THHU02C,Nevado HuascarA¡n Core 2,-9.0,282.5,-77.5
IC96ISE901A,IC96ISE901A,DML Ritscherflya E91,-73.6,347.57,-12.430000000000007
IC96MOSS01A,IC96MOSS01A,Siple Station,-75.92,275.75,-84.25
IC97GRGI01A,IC97GRGI01A,GISP2,72.6,321.5,-38.5
IC97THGL01A,IC97THGL01A,Guliya,35.2833,81.4833,81.4833
IC98FIPE01A,IC98FIPE01A,Penny Ice cap,67.25,293.25,-66.75
IC98THSA01A,IC98THSA01A,Sajama,-18.1,291.1,-68.89999999999998
IC99IS8901A,IC99IS8901A,Eastern DML L89 (DML Ice divide traverse L),-74.65,12.8,12.8
IC99ISS201A,IC99ISS201A,DML Fimbulisen S20,-70.25,4.82,4.82
IC99OE0101A,IC99OE0101A,DML Plateau Amundsenisen FB96DML01,-74.86,357.45,-2.5500000000000114
IC99OE0201A,IC99OE0201A,DML Plateau Amundsenisen FB96DML02,-74.97,3.92,3.92
IC99OE0301A,IC99OE0301A,DML Plateau Amundsenisen FB97DML03,-74.49,1.97,1.97
IC99OE0401A,IC99OE0401A,DML Plateau Amundsenisen FB97DML04,-74.41,7.22,7.22
IC99OE0502A,IC99OE0502A,DML Plateau Amundsenisen FB97DML05,-75.0,0.01,0.01
IC99OE0601A,IC99OE0601A,DML Plateau Amundsenisen FB97DML06,-75.0,8.01,8.01
IC99OE0702A,IC99OE0702A,DML Plateau Amundsenisen FB97DML07,-74.59,356.56,-3.4399999999999977
IC99OE0801A,IC99OE0801A,DML Plateau Amundsenisen FB97DML08,-75.75,3.29,3.29
IC99OE0901A,IC99OE0901A,DML Plateau Amundsenisen FB97DML09,-75.93,7.22,7.22
IC99OE1001A,IC99OE1001A,DML Plateau Amundsenisen FB97DML10,-75.22,11.35,11.35
IC99SCFH01A,IC99SCFH01A,Fiescherhorn,46.5481,8.0461,8.0461
IW15MELD00A,IW15MELD00A,Lena River Delta,72.4,126.0,126.0
IW17OPOY00A,IW17OPOY00A,Oyogos Yar,72.7,143.5,143.5
LS00SEJU01,LS00SEJU01,Laguna Junin,-11.2,284.2,-75.80000000000001
LS00WODE01,LS00WODE,Dervanoi,69.23,86.57,86.57
LS01HOCH01,LS01HOCH,Lake Chichancanab,19.8333,271.25,-88.75
LS01HUFA01,LS01HUFA01b,Farewell Lake,62.55,206.3667,-153.6333
LS02BEPY01,LS02BEPY,Pyramid,40.1,240.4,-119.6
LS02HATI01,GH319a119c,tibetanus,68.33,18.7,18.7
LS02ROSA01,LS02ROSA,Lake Salpeten,16.98,270.334,-89.666
LS03HAIG01,LS03HAIG,Igelsjon,58.47,13.73,13.73
LS03RUED01,LS03RUED,Edward,-0.5,29.5,29.5
LS04JOCH01,LS04JOCH,Chuna,67.95,32.48,32.48
LS04YUWA01,LS04YUWA,Walker Lake,37.87,240.84,-119.16
LS05ANJE01,LS05ANJE,Jellybean,60.4,225.2,-134.8
LS05HOAG01,LS05HOAG01,Aguada Xcaamal,20.61,270.285,-89.71499999999997
LS05HOAG01,LS05HOAG02,Aguada Xcaamal,20.61,270.285,-89.71499999999997
LS05HOAG01,LS05HOAG03,Aguada Xcaamal,20.61,270.285,-89.71499999999997
LS06CRLA01,LS06CRLA01a,Lake Lamongan,-7.98,113.38,113.38
LS06DENA01,LS06DENA01b,Lake Nar,38.34,34.46,34.46
LS06JONA01,LS06JONA01a,Lake Nar,38.34,34.46,34.46
LS06MIBO01,LS06MIBO10a,Bosten Lake,42.0155,87.0755,87.0755
LS06POVE01,LS06POVE01a,Laguna Verde Baja,8.85,289.13,-70.87
LS06STFO01,LS06STFO,Foy,48.2,245.6,-114.4
LS06TIST01,LS06TIST,Steel,46.0,265.3,-94.69999999999999
LS07ANMA01,LS07ANMA,Marcella,60.1,226.2,-133.8
LS07EAGO01,LS07EAGO01,Lake Golishar,37.12,29.6,29.6
LS07LAHA01,LS07LAHA,Hayq,11.35,39.72,39.72
LS07ROTI01,LS07ROTI,Tibetanus,68.3,18.7,18.7
LS08LICA01a,LS08LICA01a,"Cattle Pond, Dongdao Island",16.65,112.7167,112.7167
LS08STCR01,LS08STCR,Crevice,45.0,249.4001,-110.59989999999999
LS09LACA,LS09LACA,Laguna Castilla,18.7975,289.1242,-70.87580000000003
LS09LAEL,LS09LAEL,Laguna de Salvador,18.7958,289.1131000000001,-70.88689999999991
LS09MAAS01,LS09MAAS,Ashenge,12.5833,39.4833,39.4833
LS09MAZO01,LS09MAZO,Zonar,37.48,355.32,-4.680000000000007
LS09MIKU01,LS09MIKU01a,Lake Kuhai,35.3,99.17,99.17
LS09SASP01,LPD292174f8,Spooky Lake,7.15,134.3667,134.3667
LS09SAWA01,LS09SAWA01A,Washington Lake,4.7167,199.5833,-160.4167
LS09SCMI01,LS09SCMI,Mica,60.95,211.85,-148.15
LS09SHJO01,LS09SHJO,Jones,47.0457,246.8574,-113.14259999999999
LS10ANBL01,LS10ANBL01a,Lake Blektjarnen,62.0,14.65,14.65
LS10CLTA01,LS10CLTA,Takahula,67.35,206.33,-153.67
LS10GOBL01,LS10GOBL01a,"Blue Lake, Mount Gambier",-37.01,140.01,140.01
LS10HEQI01,LS10HEQI01a,Qinghai,37.0,100.0,100.0
LS10HESA01,LS10HESA,Saarikko,62.25,27.67,27.67
LS10HOLO01,LS10HOLO,Lough-na-Shade,54.35,353.31,-6.689999999999998
LS10STSP01,LS10STSP,Lake Spaime,63.12,12.32,12.32
LS10WRNA01,LS10WRNA01a,Nam Co,30.7252,90.6066,90.6066
LS10ZHHU01,LS10ZHHU01a,Hurleg Lake,37.2908,96.8838,96.8838
LS11ANSE01,LS11ANSE,Seven mile,62.2,223.6,-136.4
LS11BACH01,LS11BACH,Challa,3.32,37.7,37.7
LS11BIPU01,LS11BIPU01a,Laguna Pumacocha,-10.7,283.94,-76.06
LS11KOMA01,LS11KOMA01A,Lake Malawi,-10.0183,34.1878,34.1878
LS11MOES01,LS11MOES,Estanya,42.03,0.53,0.53
LS11NECA01,LS11NECA,Castor,48.5,240.4,-119.6
LS11RYKA01,LS11RYKA,Kasenda,0.4333,30.28,30.28
LS11TICH01,LS11TICH01A,Lake Challa,-3.3167,37.7,37.7
LS12ANBI01,LS12ANBI,Bison,39.8,252.7,-107.30000000000001
LS12ANYE01,LS12ANYE,Yellow,39.7,252.6,-107.4
LS12GOBA01,LS12GOBA01a,Barker Swamp,-32.001,115.51,115.51
LS12KENO01,LS12KENO01a,Northwest Jacka Lake,-36.8,141.8,141.8
LS12STLI01,LS12STLI,Lime,48.9,242.7,-117.30000000000001
LS12STRE01,LS12STRE,Renner,48.8,241.8,-118.19999999999999
LS12THAY01,LS12THAY01C,Ayr Lake,70.459,289.914,-70.08600000000001
LS12WOQU01,LS12WOQU,Quartz Lake,64.21,214.18,-145.82
LS13BAFL01,LS13BAFL01D,Flower Valley Lake,65.6107,322.3065,-37.69349999999997
LS13BAFL01,LS13BAFL01B,Flower Valley Lake,65.6107,322.3065,-37.69349999999997
LS13BAFL01,LS13BAFL01C,Flower Valley Lake,65.6107,322.3065,-37.69349999999997
LS13KOLA01,LS13KOLA01A,Lake Lading,-8.0089,113.3128,113.3128
LS13LUBA01a,LS13LUBA01a,Barkol,43.6375,92.8142,92.8142
LS13STEL01,LS13STEL,Lago El Grancho,11.9,274.0833,-85.91669999999999
LS13WASU01,LS13WASU01B,Lake Sugan,38.8667,93.95,93.95
LS13YUSA,GH8f461f71,San Luis Lake,37.675,254.27700000000002,-105.72299999999998
LS14ATJU01A,LS14ATJU01A,El Junco Lake,0.9,270.5167,-89.48329999999999
LS14FEZA01,LS14FEZA01D,Zaca Lake,34.7778,239.9608,-120.0392
LS14KOSA01,LS14KOSA01A,Sacred Lake,0.0833,37.5333,37.5333
LPD343ffe05,LPD343ffe05,Sonk11D,41.7939,75.1961,75.1961
LS14LESA01,LS14LESA01a,Sasikul Lake,37.7,73.1833,73.1833
LS14PRLO01,LS14PRLO01a,Lonar,19.9763,76.5077,76.5077
LS14TAKA01,LS14TAKA01a,Lake Karakul,38.86,73.26,73.26
LS14YAHA01,LS14YAHA02a,Hala Lake,38.3,97.58,97.58
LS14ZHJU01,LS14ZHJU01A,El Junco Lake,-0.9,270.5167,-89.48329999999999
LS15ABSH01,LS15ABSH01a,Shuaiba Lagoon,20.7,39.4333,39.4333
LS15AIKA01,LS15AIKA01B,Lake Karakuli,38.4397,75.0572,75.0572
LS15AIKA01,LS15AIKA01A2,Lake Karakuli,38.4397,75.0572,75.0572
LS15BHAL01,LS15BHAL,Laguna de Aljojuca,19.0915,262.4662,-97.53379999999999
LS15DENA01,LS15DENA02a,Lake Nar,38.34,34.46,34.46
LS15DOCH01,LS15DOCH01C,Lake Chichancanab,19.8333,271.25,-88.75
LS15DOCH01,LS15DOCH01B,Lake Chichancanab,19.8333,271.25,-88.75
LS15DOSA01,LS15DOSA01C,Lake Salpeten,16.98,270.33,-89.67000000000002
LS15DOSA01,LS15DOSA01B,Lake Salpeten,16.98,270.33,-89.67000000000002
LS15JOPA01,LS15JOPA01,Lake Parishan,29.514,51.8,51.8
LS15LAOH01,LS15LAOH01a,Ohrid,41.0658,20.6728,20.6728
LS15OEPO01,LS15OEPO01a,Laguna Potrok Aike,-51.95,289.62,-70.38
LS15SHBO01,LS15SHBO01A,Lake Bosumtwi,6.5,358.5833,-1.4166999999999916
LS15SHNE01A,LS15SHNE01A,Neor,37.9603,48.5553,48.5553
LS16STCL01,LPD7dc5b9ba,Cleland Lake,50.83,243.61,-116.38999999999999
LS16STPA,LPD179d915e,Paradise,54.685,237.383,-122.61699999999999
LS16THN30101,WEB69678476,Lake N3,68.6374,309.02,-50.98000000000002
LS16THN30102,WEB2bbc35a8,Lake N3,68.6374,309.02,-50.98000000000002
LS16THQI0101,WEBaddada01,Lake Qinghai,37.0,100.0,100.0
LS16WIGH01,LPD76e57382,Lake Ghirla,45.9166,8.8225,8.8225
LS17BAHA0101,WEBc5c2e8ea,Haklyutvatnet,79.7733,10.7378,10.7378
LS17BAHA0101,WEBd7a384df,Haklyutvatnet,79.7733,10.7378,10.7378
LS17STNU0101,WEBab3eac63,Lake Nuudsaku,58.1969,25.6275,25.6275
LS17VAWA0101,WEBdc316522,Wahoo Lake Shelf Core,69.0763,213.0703,-146.9297
LS89LATI01,LS89LATI,Lake Tiaglamimine,32.9,5.35,5.35
LS91BEWA01,LS91BEWA,Walker Lake,37.87,240.84,-119.16
LS91HOMI,LS91HOMI,Miragoane,18.402,286.954,-73.04599999999999
LS96CUPU01,LS96CUPUb,Punta Laguna,20.63,272.39,-87.61000000000001
LS96VOAM01,LS96VOAM01,Ammersee,47.1,11.0166,11.0166
LS97HOKA01,LS97HOKA1a,Kajemarum Oasis,13.305,11.0288,11.0288
LS98CUPE01,LS98CUPE,Lake Peten-Itza,17.0003,270.2152,-89.78480000000002
LS99CUVA01,LS99CUVAc,Lake Valencia,10.1667,292.25,-67.75
LS99LASI01,LS99LASI,Lake Sidi Ali,33.05,5.0,5.0
MS01HDAS01a,MS01HDAS01a,Arabian Sea,24.83,65.92,65.92
MS02FLPC01a,MS02FLPC01a,"Chilean margin, Southern Ocean (Pacific sector)",-41.0,285.55,-74.44999999999999
MS03BRNS02,MS03BRNS02,Nordic Seas,66.9698,7.6393,7.6393
MS03BRNS01,MS03BRNS01,Nordic Seas,66.9698,7.6393,7.6393
MS03KTCB02,MS03KTCB02,Cariaco Basin,10.6667,295.3,-64.69999999999999
MS03KTCB01,MS03KTCB01,Cariaco Basin,10.6667,295.3,-64.69999999999999
MS03LKNS01,MS03LKNS01,"Emerald Basin,OCE326 MC-29D",45.89,297.2,-62.80000000000001
MS03SMAS01,MS03SMAS01,Arabian Sea,24.62,65.98,65.98
MS04BLCB02,MS04BLCB02,Cariaco Basin,10.75,295.3,-64.69999999999999
MS04BLCB01,MS04BLCB01,Cariaco Basin,10.75,295.3,-64.69999999999999
MS04ICNI01,MS04ICNI01,North Iceland,66.6414,339.1369,-20.863099999999974
MS05ESCR01c,MS05ESCR01c,Congo River mouth,-5.5883,11.2217,11.2217
MS05ESCR01a,MS05ESCR01a,Congo River mouth,-5.5883,11.2217,11.2217
MS05LKLF01a,MS05LKLF01a,"Laurentian Fan, western subpolar North Atlantic",43.48,305.13,-54.870000000000005
MS06DLDS01b,MS06DLDS01b,"Dry Tortugas, 62MC",24.33,276.74,-83.25999999999999
MS06DLDS01a,MS06DLDS01a,"Dry Tortugas, 62MC",24.33,276.74,-83.25999999999999
MS06DLGN01b,MS06DLGN01b,Great Bahama Bank north,24.76,280.71,-79.29000000000002
MS06DLGN01a,MS06DLGN01a,Great Bahama Bank north,24.76,280.71,-79.29000000000002
MS06DLGS01b,MS06DLGS01b,Great Bahama Bank south 118MC,24.59,280.73,-79.26999999999998
MS06DLGS01a,MS06DLGS01a,Great Bahama Bank south 118MC,24.59,280.73,-79.26999999999998
MS07JRGM01,WEB2606fc74,Gulf of Mexico,27.2,268.58,-91.42000000000002
MS07JRGM01a,MS07JRGM01aa,Gulf of Mexico,27.2,268.58,-91.42000000000002
MS07KPPB002,MS07KPPB002,Panama Basin,35.5,9.5,9.5
MS07KPPB002,MS07KPPB0022,Panama Basin,35.5,9.5,9.5
MS07LSPG01b,MS07LSPG01b,WEq Pacific,-5.0,133.44,133.44
MS07LSPG01a,MS07LSPG01a,WEq Pacific,-5.0,133.44,133.44
MS07LSSP01b,MS07LSSP01b,Southern Philippines,6.3,125.83,125.83
MS07LSSP01a,MS07LSSP01a,Southern Philippines,6.3,125.83,125.83
MS07MMNP01a,MS07MMNP01a,Southern Chile Margin,-44.15,284.8400000000001,-75.15999999999991
MS07MMNP01b,MS07MMNP01b,Southern Chile Margin,-44.15,284.8400000000001,-75.15999999999991
MS07RCNA02,MS07RCNA02,subpolar N. Atl,61.43,335.92,-24.079999999999984
MS07SWGG01b,MS07SWGG01b,"Gulf of Guinea, EEA",2.5,9.38,9.38
MS07SWGG01a,MS07SWGG01a,"Gulf of Guinea, EEA",2.5,9.38,9.38
MS07SWGG01,LPDfaa61777t,"Gulf of Guinea, EEA",2.5,9.38,9.38
MS08UAPM01,MS08UAPM01,Portuguese Margin,38.625,350.4917,-9.50830000000002
MS09DOIP01b,MS09DOIP01b,Makassar Strait,-3.53,119.2,119.2
MS09DOIP01a,MS09DOIP01a,Makassar Strait,-3.53,119.2,119.2
MS09DTNA02b,MS09DTNA02b,RApiD-12-1K Subpolar North Atlantic,62.08,342.18,-17.819999999999993
MS09DTNA01b,MS09DTNA01b,RApiD-12-1K Subpolar North Atlantic,62.08,342.18,-17.819999999999993
MS09DTNA02a,MS09DTNA02a,RApiD-12-1K Subpolar North Atlantic,62.08,342.18,-17.819999999999993
MS09DTNA01,MS09DTNA01a,RApiD-12-1K Subpolar North Atlantic,62.08,342.18,-17.819999999999993
MS09TCIS01,MS09TCIS01,Ionian Sea,39.7619,17.8986,17.8986
MS09TRFD01b,MS09TRFD01b,Feni Drift,55.5,346.1,-13.899999999999977
MS09TRFD01a,MS09TRFD01a,Feni Drift,55.5,346.1,-13.899999999999977
MS10BLMS01b,MS10BLMS01b,"Makassar Strait, core 13GGC",-7.4,115.2,115.2
MS10BLMS01a,MS10BLMS01a,"Makassar Strait, core 13GGC",-7.4,115.2,115.2
MS10JTMA001,MS10JTMA001,Makassar Strait,-3.8833,119.45,119.45
MS11ANMN01b,MS11ANMN01b,Makassar straits north,1.4,119.08,119.08
MS11ANMN01a,MS11ANMN01a,Makassar straits north,1.4,119.08,119.08
MS11ANMS01b,MS11ANMS01b,Makassar straits south,-5.2,117.48,117.48
MS11ANMS01a,MS11ANMS01a,Makassar straits south,-5.2,117.48,117.48
MS11CSCN01b,MS11CSCN01b,Carolina Slope North,32.98,283.68,-76.32
MS11CSCN01a,MS11CSCN01a,Carolina Slope North,32.98,283.68,-76.32
MS11CSCS01b,MS11CSCS01b,Carolina Slope South,32.78,283.72,-76.27999999999997
MS11CSCS01a,MS11CSCS01a,Carolina Slope South,32.78,283.72,-76.27999999999997
MS11FAPM04,MS11FAPM04,Portuguese Margin,41.335,351.0117,-8.988299999999981
MS11FAPM02,MS11FAPM02,Portuguese Margin,41.335,351.0117,-8.988299999999981
MS11FAPM03,MS11FAPM03,Portuguese Margin,41.335,351.0117,-8.988299999999981
MS11FAPM01,MS11FAPM01,Portuguese Margin,41.335,351.0117,-8.988299999999981
MS11KDMS01,MS11KDMS01,Makassar strait,1.4033,119.07799999999999,119.07799999999999
MS11KWFS01,MS11KWFS01,eastern Fram Strait,78.9157,6.7672,6.7672
MS11SENS01,MS11SENS01,Norwegian Sea,63.76,5.25,5.25
MS12AMMM01b,MS12AMMM01b,Mediterranean (Minorca),40.5,4.03,4.03
MS12AMMM01a,MS12AMMM01a,Mediterranean (Minorca),40.5,4.03,4.03
MS12AMMM02b,MS12AMMM02b,Mediterranean (Minorca),40.5,4.03,4.03
MS12AMMM02a,MS12AMMM02a,Mediterranean (Minorca),40.5,4.03,4.03
MS12CCCH01b,MS12CCCH01b,Cape Hatteras,34.973,284.79900000000004,-75.20099999999996
MS12CCCH01a,MS12CCCH01a,Cape Hatteras,34.973,284.79900000000004,-75.20099999999996
MS13KWFS02,MS13KWFS02,eastern Fram Strait,78.9157,6.7672,6.7672
MS13KWFS01,MS13KWFS01,eastern Fram Strait,78.9157,6.7672,6.7672
MS13RSAS01b,MS13RSAS01b,"SW coast of India, Indian ocean",10.98,74.9993,74.9993
MS13RSAS01a,MS13RSAS01a,"SW coast of India, Indian ocean",10.98,74.9993,74.9993
MS14GFSS01b,MS14GFSS01b,Savu Sea,-9.5948,120.917,120.917
MS14GFSS01a,MS14GFSS01a,Savu Sea,-9.5948,120.917,120.917
MS14MOLS03,MS14MOLS03,RApiD-35-25B Labrador Sea,57.5042,311.2777,-48.72230000000002
MS14MOLS01b,MS14MOLS01b,RApiD-35-25B Labrador Sea,57.5042,311.2777,-48.72230000000002
MS14MOLS02a,MS14MOLS02a,RApiD-35-25B Labrador Sea,57.5042,311.2777,-48.72230000000002
MS14MOLS02b,MS14MOLS02b,RApiD-35-25B Labrador Sea,57.5042,311.2777,-48.72230000000002
MS14MOLS01a,MS14MOLS01a,RApiD-35-25B Labrador Sea,57.5042,311.2777,-48.72230000000002
MS14MORR01b,MS14MORR01b,RAPID 17-5P North Atlantic,61.4817,340.464,-19.536
MS14MORR01a,MS14MORR01a,RAPID 17-5P North Atlantic,61.4817,340.464,-19.536
MS15BATP02,MS15BATP02,Tagus prodelta,38.55,350.67,-9.329999999999984
MS15BATP01,MS15BATP01,Tagus prodelta,38.55,350.67,-9.329999999999984
MS14CCBC02,MS14CCBC02,Brazil Current,-32.5052,309.7573,-50.24270000000001
MS14CCBC01a,MS14CCBC01a,Brazil Current,-32.5052,309.7573,-50.24270000000001
MS14CCBC01b,MS14CCBC01b,Brazil Current,-32.5052,309.7573,-50.24270000000001
MS15VIBC01,MS15VIBC01,Brazil Current,-32.5052,309.7573,-50.24270000000001
MS15VIBM01,MS15VIBM01,Brazil-Malvinas Confluence,-39.3017,306.035,-53.964999999999975
MS96LKSS02,MS96LKSS02,Sargasso Sea,33.7,302.38,-57.620000000000005
MS96LKSS01,MS96LKSS01,Sargasso Sea,33.7,302.38,-57.620000000000005
MS97HLCB04,MS97HLCB04,Cariaco Basin,10.7,295.06,-64.94
MS97HLCB02,MS97HLCB02,Cariaco Basin,10.7,295.06,-64.94
MS97HLCB03,MS97HLCB03,Cariaco Basin,10.7,295.06,-64.94
MS97HLCB01,MS97HLCB01,Cariaco Basin,10.7,295.06,-64.94
MS99LWSC01,MS99LWSC01,South China Sea,20.1167,117.3833,117.3833
SH16MEIN01,WEB8d8f0a7b,Ingoya,71.0622,24.0983,24.0983
SH18CASA,WEB477e36ed,Saloum shell middens,13.9,343.4,-16.600000000000023
SL13TEAG01a,SL13TEAG01A,Adigrat,14.2704,39.4478,39.4478
SL13TEAK01A,SL13TEAK01A,Adi Kolan,13.3322,39.3646,39.3646
SP03BMIL01A,SP03BMIL01A,"Soreq Cave, Israel",32.58,35.03,35.03
SP04DEUS01A,SP04DEUS01A,"Crystal Cave, Wisconsin",44.8333,267.75,-92.25
SP04YUCN02A,SP04YUCN02A,"Dongge Cave, China",25.28,108.08,108.08
SP05CRBR01A,SP05CRBR01A,"Botuvera Cave, Brazil",-27.22,310.8400000000001,-49.15999999999991
SP05MAAT01A,SP05MAAT01A,"Spannagel Cave, Austria",47.09,11.67,11.67
SP06DRIT01A,SP06DRIT01A,"Buca della Renella, Italy Flowstone",44.0,10.0,10.0
SP06DYCN01A,SP06DYCN01A,"Dongge Cave, China",25.28,108.08,108.08
SP07ASUS01A,SP07ASUS01A,"pink Panter Cave, New Mexico",32.083,254.8333,-105.16669999999999
SP07DEUS01A,SP07DEUS01A,"Devils Icebox Cave, Missouri",38.9,267.7,-92.30000000000001
SP07DEUS02A,SP07DEUS02A,"Devils Icebox Cave, Missouri",38.9,267.7,-92.30000000000001
SP07FLOM01A,SP07FLOM01A,"Qunf Cave, Oman",17.17,54.3,54.3
SP07WABR01A,SP07WABR01A,"Botuvera Cave, Brazil",-27.22,310.8400000000001,-49.15999999999991
SP08HUCN01A,SP08HUCN01A,"Heshang Cave, China",30.45,110.416,110.416
SP08SPUS01A,SP08SPUS01A,"Buckeye Creek Cave, West Virginia",37.976,279.6,-80.39999999999998
SP08VBPE01A,SP08VBPE01A,"Cueva del Tigre Perdido, Peru",-5.94,282.69,-77.31
SP08ZHCN01A,SP08ZHCN01A,"Wanxiang Cave, China",33.3,105.0,105.0
SP09FLTR01A,SP09FLTR01A,"Sofular Cave, Turkey",41.416000000000004,31.934,31.934
SP09GRID02A,SP09GRID02A,"Liang Luar Cave, Indonesia",-8.533,120.43299999999999,120.43299999999999
SP09REPE01A,SP09REPE01A,"Cascayunga Cave, Peru",-6.067,282.817,-77.18299999999999
SP09REPE02A,SP09REPE02A,"Cascayunga Cave, Peru",-6.067,282.817,-77.18299999999999
SP10BEIN01A,SP10BEIN01A,"Dandak Cave, India",19.0,82.0,82.0
SP10MEMX01A,SP10MEMX01A,"Tzabnah Cave, Mexico",20.75,270.53,-89.47000000000003
SP10SUSE01A,SP10SUSE01A,"Korallgrottan, Sweden",64.89,14.16,14.16
SP11BEMX01A,SP11BEMX01A,"Cueva del Diablo, Mexico",18.18,260.08,-99.92000000000002
SP11BOAT01A,SP11BOAT01A,"Klapferloch Cave, Austria",46.95,10.55,10.55
SP12CACN01A,SP12CACN01A,"Tianmen Cave, China",30.92,90.07,90.07
SP12ERUS01A,SP12ERUS01A,Oregon Caves,42.098,236.5928,-123.40719999999999
SP12FOAT01A,SP12FOAT01A,"Spannagel Cave, Austria",47.09,11.67,11.67
SP12KEBZ01A,SP12KEBZ01A,"Yok Balum Cave, Belize",16.2086,270.92650000000003,-89.07349999999997
SP12LAMX01A,SP12LAMX01A,"Juxtlahuaca Cave, Mexico",17.4,260.8,-99.19999999999999
SP12NOBR01A,SP12NOBR00A,"Diva de Maura Cave, Brazil",-12.37,318.43,-41.56999999999999
SP13ASBC01,SP13ASBC01,"Bat Cave, China",32.1,104.26,104.26
SP13AYID02A,SP13AYID01A,"Liang Luar Cave, Indonesia",-8.533,120.43299999999999,120.43299999999999
SP13CHPE01A,SP13CHPE01A,"El Condor Cave, Peru",-5.93,282.7,-77.30000000000001
SP13KAPE01A,SP13KAPE01A,"Huagapo Cave, Peru",-11.27,284.21,-75.79000000000002
SP13KAPE02A,SP13KAPE02A,"Huagapo Cave, Peru",-11.27,284.21,-75.79000000000002
SP13LAMX01A,SP13LAMX01A,"Juxtlahuaca Cave, Mexico",17.4,260.8,-99.19999999999999
SP13MCUS01A,SP13MCUS01A,"Crystal Cave, California",36.57,241.22,-118.78
SP13PAVU01A,SP13PAVU01A,"Santo, Vanuatu",-15.5,167.0,167.0
SP13SLNA01A,SP13SLNA01A,"Dante Cave, Namibia",-19.4,17.883,17.883
SP13SUSA01A,SP13SUSA01A,"Cold Air Cave, South Africa",-24.02,29.11,29.11
SP14APPE02A,SP14APPE01A,"Palestina Cave, northwestern Peru",-5.92,282.65,-77.35000000000002
SP14APPE03A,SP14APPE02A,"Palestina Cave, northwestern Peru",-5.92,282.65,-77.35000000000002
SP98KUCN01A,SP98KUCN01A,"ShiHua Cave, China",39.8,115.9,115.9
SP99DEUS01A,SP99DEUS01A,"Cold Water Cave, Iowa",43.47,268.03,-91.97000000000003
SP99DEUS02A,SP99DEUS02A,"Cold Water Cave, Iowa",43.47,268.03,-91.97000000000003
SP99DEUS03A,SP99DEUS03A,"Cold Water Cave, Iowa",43.47,268.03,-91.97000000000003
SS03HAJA01A,Ocean2kHR_126,"Montego Bay, Jamaica",18.47,282.05,-77.94999999999999
SS03HAJA02A,Ocean2kHR_128,"Montego Bay, Jamaica",18.47,282.05,-77.94999999999999
SS05ROES01A,Ocean2kHR_112,Exuma Sound Bahamas,23.67,284.25,-75.75
SS05ROTN02A,SS05ROTN02A,"Tongue of the Ocean, Bahamas",23.92,283.17,-76.82999999999998
TR04EVLI01,TR04EVLI01,"Liberia, Costa Rica",10.0,275.0,-85.0
TR06TRBO00,TR06TRBO00,"Boibar Valley, Northern Pakistan",36.62,74.98,74.98
TR07RECA01,TR07RECA01,"Cavergno, Switzerland",46.35,8.6,8.6
TR07REVI01,TR07REVI01,"Vigera, Switzerland",46.5,8.77,8.77
TR08HORA01,TR08HORA01,Northwestern Russian Tundra,68.1,60.0,60.0
TR08THCO00,TR08THCO00,"Columbia Icefield, British Columbia, Canada",52.5,242.0,-118.0
TR08VOOL00,TR08VOOL00,"Olkhan Island, Russia",53.2833,107.6333,107.6333
TR10ANMO00,TR10ANMO00,"Monteverde Cloud Forest, Costa Rica",10.2,274.65,-85.35000000000002
TR11BAPU02,TR11BAPU02,Puerto Maldonado Peru,-12.6,290.8,-69.19999999999999
TR11BAPU01,TR11BAPU01,Puerto Maldonado Peru,-12.6,290.8,-69.19999999999999
TR11BAVO02,TR11BAVO02,"Volcan Granada, Argentina",-22.0,294.0,-66.0
TR11BAVO01,TR11BAVO01,"Volcan Granada, Argentina",-22.0,294.0,-66.0
TR11GRTP00,WEB7c902e21,"Reting site, China",30.3083,91.5167,91.5167
TR11MAJA02,TR11MAJA02,"Jagdalpur, Central India",19.08,82.33,82.33
TR11MAJA01,TR11MAJA01,"Jagdalpur, Central India",19.08,82.33,82.33
TR11MAPE01,TR11MAPE01,"Perambikulam, Kerala, India",10.43,76.93,76.93
TR11SAHU00,WEB3638db18,"Humla, Nepal",29.85,81.93,81.93
TR11SIMO01,TR11SIMO01,"Russia, Mongun taiga, Tuva Republic",50.23,89.04,89.04
TR11XUPH07,TR11XUPH07,"Phu Leuy, Northern Laos",19.9,101.2,101.2
TR11XUPH01,TR11XUPH01,"Phu Leuy, Northern Laos",19.9,101.2,101.2
TR11XUPH03,TR11XUPH03,"Phu Leuy, Northern Laos",19.9,101.2,101.2
TR11XUPH04,TR11XUPH04,"Phu Leuy, Northern Laos",19.9,101.2,101.2
TR11XUPH05,TR11XUPH05,"Phu Leuy, Northern Laos",19.9,101.2,101.2
TR11XUPH06,TR11XUPH06,"Phu Leuy, Northern Laos",19.9,101.2,101.2
TR11XUPH00,TR11XUPH00,"Phu Leuy, Northern Laos",19.9,101.2,101.2
TR12BECO00,WEB9ec53927,"Almagre Mountain site, Colorado",38.8,255.0,-105.0
TR12BRBO00,WEB1fa7c61b,"Purisima, Northern Bolivia",-11.4,291.284,-68.71600000000001
TR12SAMU01,TR12SAMU01,"Mu Cang Chai, Northern Vietnam",21.67,104.1,104.1
TR12SAMU02,TR12SAMU02,"Mu Cang Chai, Northern Vietnam",21.67,104.1,104.1
TR12SAMU03,TR12SAMU03,"Mu Cang Chai, Northern Vietnam",21.67,104.1,104.1
TR12SAMU04,TR12SAMU04,"Mu Cang Chai, Northern Vietnam",21.67,104.1,104.1
TR12SAMU05,TR12SAMU05,"Mu Cang Chai, Northern Vietnam",21.67,104.1,104.1
TR12SAMU00,TR12SAMU00,"Mu Cang Chai, Northern Vietnam",21.67,104.1,104.1
TR13BROA00,WEB1c82ec4b,"Nizanda, S Mexico",16.65,265.0,-95.0
TR13JOAR01A,WEB942f4ab3,"Arcata Community Forest, N California",40.875,235.9317,-124.0683
TR13JOAR02A,WEBd4a1702f,"Arcata Community Forest, N California",40.875,235.9317,-124.0683
TR13JOAR03A,WEB1393eb44,"Arcata Community Forest, N California",40.875,235.9317,-124.0683
TR13JOAR01B,WEB2a8bacaa,"Arcata Community Forest, N California",40.875,235.9317,-124.0683
TR13JOAR02B,WEBbe879e76,"Arcata Community Forest, N California",40.875,235.9317,-124.0683
TR13JOAR03B,WEBc909cb91,"Arcata Community Forest, N California",40.875,235.9317,-124.0683
TR13JOJS01A,WEB9251bbf1,"Jedediah Smith State Park, N California",41.7883,235.9233,-124.07669999999999
TR13JOJS02A,WEB68260459,"Jedediah Smith State Park, N California",41.7883,235.9233,-124.07669999999999
TR13JOJS03A,WEBfbf93fe8,"Jedediah Smith State Park, N California",41.7883,235.9233,-124.07669999999999
TR13JOJS01B,WEBb58581f1,"Jedediah Smith State Park, N California",41.7883,235.9233,-124.07669999999999
TR13JOJS02B,WEBf2452ae3,"Jedediah Smith State Park, N California",41.7883,235.9233,-124.07669999999999
TR13JOJS03B,WEB79b7abaa,"Jedediah Smith State Park, N California",41.7883,235.9233,-124.07669999999999
TR13JOPC01A,WEB7105d7a6,"Prairie Creek State Park, N California",41.4567,235.9533,-124.04669999999999
TR13JOPC02A,WEBad27530f,"Prairie Creek State Park, N California",41.4567,235.9533,-124.04669999999999
TR13JOPC03A,WEB81ca9328,"Prairie Creek State Park, N California",41.4567,235.9533,-124.04669999999999
TR13JOPC04A,WEBd9f73e6a,"Prairie Creek State Park, N California",41.4567,235.9533,-124.04669999999999
TR13JOPC01B,WEB93ccadc2,"Prairie Creek State Park, N California",41.4567,235.9533,-124.04669999999999
TR13JOPC02B,WEBa9c47a40,"Prairie Creek State Park, N California",41.4567,235.9533,-124.04669999999999
TR13JOPC03B,WEBaba520fa,"Prairie Creek State Park, N California",41.4567,235.9533,-124.04669999999999
TR13JOPC04B,WEBd5fd45b6,"Prairie Creek State Park, N California",41.4567,235.9533,-124.04669999999999
TR13POMA00,WEB4de479a5,"Mackenzie Delta, NWT, Canada",68.4,226.2,-133.8
TR13SAWA00,WEBa8749551,"Wache, Bhutan",27.983,90.0,90.0
TR13SIKO01,TR13SIKO01,"Russia, Koksu, Russian Altai",49.0,86.0,86.0
TR13SITA01,TR13SITA01,"Russia, Eastern Taimyr Peninsula, Siberia",72.0,100.0,100.0
TR14KOSP00,WEBb0fd9bd0,"Lake Estanyola de Gerber, Spanish Pyrenees",42.6411,1.0025,1.0025
TR15BABO00,WEB255443f2,"Selva Negra, Bolivia",-10.0833,293.7,-66.30000000000001
TR15NACA00,TR15NACA00,QuebecLabrador,54.56,288.8,-71.19999999999999
TR15YOLL00,TR15YOLL00,"Allt Lanlas, Ceredigion",52.2217,355.772,-4.228000000000009
TR15YONW00,TR15YONW00,National Botanic Gardens of Wales,51.8399,355.8485,-4.151499999999999
TR16LAAN00,TR16LAAN00,"Angouleme, France",45.7333,0.3,0.3
TR16LAFO00,TR16LAFO00,"Fontainebleau, France",48.3833,2.6667,2.6667
TR16WEMI00,WEB3e43f177,"MiMei, China",29.45,96.43,96.43
TR16WEXI00,WEB640da8ea,"Xinpu, China",30.42,95.07,95.07
TR17EDSW00,WEB45a0b5cd,SE Sweden,57.815,15.26,15.26
TR17GRTP00,WEB1d361c0a,"Qamdo, China",31.15,97.03299999999999,97.03299999999999
TR17SAMA00,WEB30c97fa8,Manali,32.2167,77.2167,77.2167
TR18GRPM00,WEBcdcf63cd,Perito Moreno,-50.5167,289.8833,-70.11669999999998
TR18XUGA00,WEB4632d6d9,Ganesh,28.183000000000003,85.18299999999999,85.18299999999999
TR18XUJA00,WEB0738fe31,Jageshwar,29.633000000000003,79.85,79.85
TR19LEBR01,WEB302321b9,Black Rock Forest,41.4,285.9833,-74.01670000000001
TR19LEBR02,WEBbc9c2816,Black Rock Forest,41.4,285.9833,-74.01670000000001
TR19LECR00,WEB73c78c6a,"""Crowley's Ridge""",37.0667,270.4,-89.60000000000002
TR19LEFC01,WEB77324fc3,Frick Creek,34.6667,275.8167,-84.18329999999997
TR19LEFC02,WEB67f8c5ec,Frick Creek,34.6667,275.8167,-84.18329999999997
TR19LEOU00,WEBd22ea8c1,Ouachita National Forest,34.6833,265.3667,-94.63330000000002
